BACA-2002-SPCM-TH,1
BACA-2002-TA-PR,1
BACA-2002-TA-TH,1
BACA-2002-WR-TH,1
BAPHLO-2002-TH,1
BASOC-1991-SC,1
BASOC-2002-NTH,1
BSAM-2002,1
BSBIO-2002-CMB-CW,1
BSBIO-2002-MCB-TH,1
BSBIO-2002-PB-CW,1
BSBIO-2002-SYS-CW,1
BSBIO-2002-SYS-TH,1
BSDC-2002-SCICOM,1
BSECO-2002,1
BSEE-2002-PR,1
BSF-2002-PR,1
BSHE-2002,1
BSHE-HSP-TH-2002,1
BSHE-ST-TH-2002,1
BSIE-2002,1
PREVM-2002,1
BACA-2002,2
BSAE-2002,2
BSAM-2002-ORO,2
BSBIO-2002-CMB-TH,2
BSBIO-2002-ECO-TH,2
BSBIO-2002-MCB-CW,2
BSBIO-2002-WLDL-CW,2
BSBIO-2002-WLDL-SP,2
BSCE-2002,2
BSCHE-2011-PPT-TH,2
BSCS-2011-TH,2
BSF-2002,2
BSHE-ST-PR-2002,2
BSMST-2002-BIO,2
BSMST-2002-PHYS,2
BASOC-2002-PR,3
BSABT-2009,3
BSABT-2009-PR,3
BSBIO-2002,3
BSBIO-2002-GEN-CW,3
BSCHE-2006-PPT,3
BSDC-2002-COMBROAD,3
BSDC-2002-DEVJOURN,3
BSDC-2002-EDCOM,3
BSSTAT-2002,3
BSBIO-2002-ECO-CW,4
BSCS-2002-SP-PR,4
BSIE-2013-INT,4
BSMATH-2002,4
BSCHE-2006-ST-TH,5
BSF-2011-PR,5
BACA-2002-WR-PR,6
BSABE-2011-PR,6
BSCE-2008-TH,6
BSCE-2011-PR,6
BSEE-2011-PR,6
BSHE-FD-PS-PR-2002,6
BSMST-2011,6
BASOC-2002-SC,7
BSCHE-2006-ST,7
BSCHE-2011-PPT,7
BSMST-2002-MATH,7
BACA-2002-SPCM-PR,8
BSAC-2002,8
BSAM-2002-ASO,10
BSBIO-2002-MCB-PR,10
BSBIO-2002-ZOO-CW,10
BSHE-HSP-PR-2002,10
BASOC-2012-PR,11
BSEE-2002,11
BASOC-2002-TH,12
BSAE-2006,12
BSECO-2011,12
BSIE-2008-PR,12
BSCHE-2011-ST,13
BSFT-2003,14
BSMST-2011-CHEM,14
BSSTAT-2008,15
BSABM-2002,16
BSECO-2005,16
BSIE-2011,17
BSAP-2002,18
BSFT-2003-PR,19
BSMST-2011-PHYS,20
BSABT-2011-PR,21
BSAECO-2002,21
BSCHEM-2002,27
BSF-2007,28
BSIE-2013-SP,28
BSIE-2008,32
BSCS-2008-SP-PR,38
BSA-2002-PR,39
BSCHE-2006-GEN,40
BSCE-2008,43
BSEE-2010,43
BSMST-2011-MATH,52
BSA-2011-PR,54
BSFT-2011-PR,54
BSN-2002,55
BSA-2002,57
BSMST-2011-BIO,58
BSAC-2011,59
BAPHLO-2011,72
BSAP-2011,75
CertFor,93
BSDC-2008,104
BACA-2011-PR,113
PREVM-2011,129
BSMATH-2011,131
BASOC-2012,134
BSCHEM-2011,144
DVM-2011,153
BSSTAT-2011,165
BSIE-2013,170
BSAM-2011,181
DVM-2002,184
BACA-2011,188
BSABM-2011,201
BSECO-2012,208
BSABT-2011,227
BSFT-2011,237
BSABE-2011,248
BSEE-2011,274
BSHE-2011,289
BSA-2011,334
BSN-2011,344
BSCHE-2011-GEN,370
BSAECO-2011,385
BSCS-2011-SP-PR,403
BSCE-2011,415
BSDC-2011,423
BSF-2011,521
BSBIO-2011,575
